(6) Home / X,x.com,2025-01-26 16:50:16.307000+00:00
Notifications / X,x.com,2025-01-26 16:50:20.875000+00:00
GayBoiQueenNeverCry on X: "@powerbottomdad1 @rolypolyistaken Then youâ€™re the dumbass in this thread. Good job ignoring material reality" / X,x.com,2025-01-26 16:50:23.752000+00:00
sucks on X: "@rolypolyistaken wrong" / X,x.com,2025-01-26 16:50:32.242000+00:00
sucks on X: "@rolypolyistaken wrong" / X,x.com,2025-01-26 16:50:39.735000+00:00
sucks on X: "@rolypolyistaken wrong" / X,x.com,2025-01-26 16:50:41.367000+00:00
Notifications / X,x.com,2025-01-26 16:50:48.401000+00:00
New Tab,newtab,2025-01-26 16:51:11.056000+00:00
Just a moment...,www.trueup.io,2025-01-26 16:51:15.140000+00:00
Just a moment...,www.trueup.io,2025-01-26 16:51:16.924000+00:00
Open Tech Jobs Over Time - tracked by TrueUp,www.trueup.io,2025-01-26 16:51:17.583000+00:00
Open Tech Jobs Over Time - tracked by TrueUp,www.trueup.io,2025-01-26 16:51:24.281000+00:00
iV on X: "@rolypolyistaken @powerbottomdad1 i went to state school and moved w no network. top startups are always desperate for talent - if you have portfolio they will hire you. try harder" / X,x.com,2025-01-26 16:51:36.239000+00:00
Layoffs Tracker - All Tech and Startup Layoffs - by TrueUp,www.trueup.io,2025-01-26 16:51:44.876000+00:00
Layoffs.fyi - Tech Layoff Tracker and Startup Layoff Lists,layoffs.fyi,2025-01-26 16:51:51.556000+00:00
iV on X: "@rolypolyistaken @powerbottomdad1 i went to state school and moved w no network. top startups are always desperate for talent - if you have portfolio they will hire you. try harder" / X,x.com,2025-01-26 16:51:59.780000+00:00
iV on X: "@rolypolyistaken @powerbottomdad1 i went to state school and moved w no network. top startups are always desperate for talent - if you have portfolio they will hire you. try harder" / X,x.com,2025-01-26 16:52:26.978000+00:00
Layoffs.fyi - Tech Layoff Tracker and Startup Layoff Lists,layoffs.fyi,2025-01-26 16:52:31.167000+00:00
Troubleshooting FastAPI Database Session Issues - Claude,claude.ai,2025-01-26 16:52:31.682000+00:00
New Tab,newtab,2025-01-26 16:54:05.873000+00:00
New Tab,newtab,2025-01-26 16:54:05.959000+00:00
privateemail.com/appsuite/,privateemail.com,2025-01-26 16:54:09.134000+00:00
Private Email,privateemail.com,2025-01-26 16:54:09.857000+00:00
Private Email,privateemail.com,2025-01-26 16:54:10.140000+00:00
Private Email,privateemail.com,2025-01-26 16:54:10.152000+00:00
Troubleshooting FastAPI Database Session Issues - Claude,claude.ai,2025-01-26 16:55:20.052000+00:00
Book A Free Consultation | Online Therapy for Young Adults | Aaron Johnstone Therapy,aaronjohnstonetherapy.com,2025-01-26 16:56:54.896000+00:00
Troubleshooting FastAPI Database Session Issues - Claude,claude.ai,2025-01-26 16:56:59.087000+00:00
Mail - roland@rolandmackintosh.ca roland@rolandmackintosh.ca - Private Email,privateemail.com,2025-01-26 16:56:59.675000+00:00
New Tab,newtab,2025-01-26 16:57:00.752000+00:00
x.com,x.com,2025-01-26 16:57:01.302000+00:00
x.com,x.com,2025-01-26 16:57:01.345000+00:00
New Tab,newtab,2025-01-26 16:57:01.833000+00:00
DeepSeek - Into the Unknown,chat.deepseek.com,2025-01-26 16:57:03.705000+00:00
Home / X,x.com,2025-01-26 16:59:26.275000+00:00
DeepSeek - Into the Unknown,chat.deepseek.com,2025-01-26 16:59:56.283000+00:00
(4) Home / X,x.com,2025-01-26 16:59:58.276000+00:00
Mail - roland@rolandmackintosh.ca roland@rolandmackintosh.ca - Private Email,privateemail.com,2025-01-26 16:59:59.381000+00:00
Troubleshooting FastAPI Database Session Issues - Claude,claude.ai,2025-01-26 17:00:02.840000+00:00
Mail - roland@rolandmackintosh.ca roland@rolandmackintosh.ca - Private Email,privateemail.com,2025-01-26 17:00:21.296000+00:00
(4) Home / X,x.com,2025-01-26 17:00:22.027000+00:00
DeepSeek - Into the Unknown,chat.deepseek.com,2025-01-26 17:00:22.445000+00:00
(4) Home / X,x.com,2025-01-26 17:00:23.110000+00:00
New Tab,newtab,2025-01-26 17:01:17.991000+00:00
New Tab,newtab,2025-01-26 17:01:18.065000+00:00
Claude,claude.ai,2025-01-26 17:01:20.616000+00:00
Claude,claude.ai,2025-01-26 17:01:43.235000+00:00
DeepSeek - Into the Unknown,chat.deepseek.com,2025-01-26 17:12:25.081000+00:00
Mail - roland@rolandmackintosh.ca roland@rolandmackintosh.ca - Private Email,privateemail.com,2025-01-26 17:12:25.842000+00:00
Troubleshooting FastAPI Database Session Issues - Claude,claude.ai,2025-01-26 17:12:26.577000+00:00
Book A Free Consultation | Online Therapy for Young Adults | Aaron Johnstone Therapy,aaronjohnstonetherapy.com,2025-01-26 17:12:27.334000+00:00
New Tab,newtab,2025-01-26 17:13:16.568000+00:00
New Tab,newtab,2025-01-26 17:13:16.633000+00:00
DeepSeek - Into the Unknown,chat.deepseek.com,2025-01-26 17:13:19.165000+00:00
DeepSeek - Into the Unknown,chat.deepseek.com,2025-01-26 17:13:39.119000+00:00
Add Datetime Column to Chrome Tabs Table - Claude,claude.ai,2025-01-26 17:17:34.655000+00:00
New Tab,newtab,2025-01-26 17:17:37.434000+00:00
CSCQ protests reddit,www.reddit.com,2025-01-26 17:17:40.063000+00:00
Breaking into Big tech is mostly luck : r/cscareerquestions,www.reddit.com,2025-01-26 17:17:45.586000+00:00
DeepSeek - Into the Unknown,chat.deepseek.com,2025-01-26 17:18:17.018000+00:00
Add Datetime Column to Chrome Tabs Table - Claude,claude.ai,2025-01-26 17:18:17.476000+00:00
DeepSeek - Into the Unknown,chat.deepseek.com,2025-01-26 17:18:19.476000+00:00
New Tab,newtab,2025-01-26 17:18:20.821000+00:00
x.com,x.com,2025-01-26 17:18:21.438000+00:00
x.com,x.com,2025-01-26 17:18:21.473000+00:00
Breaking into Big tech is mostly luck : r/cscareerquestions,www.reddit.com,2025-01-26 17:18:31.516000+00:00
DeepSeek - Into the Unknown,chat.deepseek.com,2025-01-26 17:18:31.647000+00:00
Add Datetime Column to Chrome Tabs Table - Claude,claude.ai,2025-01-26 17:19:19.433000+00:00
DeepSeek - Into the Unknown,chat.deepseek.com,2025-01-26 17:19:20.121000+00:00
Add Datetime Column to Chrome Tabs Table - Claude,claude.ai,2025-01-26 17:19:20.934000+00:00
DeepSeek - Into the Unknown,chat.deepseek.com,2025-01-26 17:19:21.204000+00:00
New Tab,newtab,2025-01-26 17:19:23.263000+00:00
rolandm2017 (Roland Mackintosh),github.com,2025-01-26 17:19:25.540000+00:00
